{
  "accuracy": 0.9355,
  "ece_equal_width": 0.030305662426352457,
  "ece_equal_mass": 0.029933460545539838,
  "mce": 0.17776276471134955,
  "brier": 0.10081276098843348,
  "nll": 0.22292964160442352
}