{
  "uncalibrated": {
    "accuracy": 0.9355,
    "ece_equal_width": 0.030305662426352457,
    "ece_equal_mass": 0.029933460545539838,
    "mce": 0.17776276471134955,
    "brier": 0.10081276098843348,
    "nll": 0.22292964160442352
  },
  "temperature_scaling": {
    "accuracy": 0.9355,
    "ece_equal_width": 0.010185323720442657,
    "ece_equal_mass": 0.008937644890481565,
    "mce": 0.25611091527410845,
    "brier": 0.0962380918128287,
    "nll": 0.1969624053945779
  },
  "platt_scaling": {
    "accuracy": 0.9348,
    "ece_equal_width": 0.019651421159930293,
    "ece_equal_mass": 0.018873881833572685,
    "mce": 0.09678725065666877,
    "brier": 0.10057328616730231,
    "nll": 0.21175312816727632
  },
  "isotonic_regression": {
    "accuracy": 0.9355,
    "ece_equal_width": 0.009241541959394927,
    "ece_equal_mass": 0.00796059689293375,
    "mce": 0.19294005305796166,
    "brier": 0.09590708745492842,
    "nll": 0.25975254815736454
  }
}